{
  "ci": [0,0,0,0,0,0,0.00641026,0.00755668,0.00911854,0.00495049,0.00445434,0.0206186,0.0176125,0.0212355,0.0252525,0.0208817,0.025,0.0634921],
  "ce": [0,0,0,0,0,0,0.2819,0.35725,0.38415,0.37515,0.2602,0.4543,0.5735,0.37005,0.56575,0.4794,0.58285,0.737]
}
