{
  "ci": [0,0,0,0,0,0,0,0.00749064,0.0364742,0.0,0.0208333,0.0652174,0.0125,0,0.011236,0.0387597,0.0273973,0.015873,0.00247525,0.0040568,0.00564972,0.010263,0.0157368,0.0208167,0.0342903,0.0442708,0.0501089],
  "ce": [0,0.34375,0.4,0.21665,0,0.3061,0.37945,0.3836,0.4557,0.2572,0.17005,0.2579,0.36425,0.37005,0.3625,0.36215,0.5373,0.60615]
}
