{
  "ci": [0,0,0,0,0,0,0,0.00641026,0.00597015,0.00414938,0.00938967,0.00137363,0.00577293,0.0057915,0.00880705,0.0111643,0.00929752,0.015873],
  "ce": [0,0,0,0,0,0,0,0.17145,0.08725,0.34345,0.2636,0.086,0.26785,0.1746,0.26615,0.1846,0.0951,0.2589]
}
