{
  "ci": [0.04,0.0135135,0.0379747,0.0769231,0.064,0.0465116,0.100775,0.0502283,0.0634921,0.0615764,0.0460526,0.0508475,0.0385852,0.0314735,0.0333919,0.0461538,0.0703125,0.0653595],
  "ce": [0.2083,0.15625,0.28,0.4375,0.5076,0.6003,0.5833,0.54825,0.56835,0.3881,0.37305,0.28065,0.5364,0.45645,0.5434,0.3788,0.29905,0.5002]
}
