{
  "ci": [0.0384615,0.333333,0.25,0.346154,0.133333,0.0508475,0.102273,0.0833333,0.0967742,0.141079,0.0615385,0.0425824,0.0391276,0.034178,0.0280224,0.0283019,0.0320248,0.0222222],
  "ce": [0.5,0.59375,0.68,0.425,0.33335,0.37925,0.46275,0.4956,0.59375,0.58645,0.56575,0.47005,0.54325,0.54225,0.52605,0.52625,0.5221,0.34635]
}
