{
  "ci": [0,0,0,0,0,0.00581395,0.0113636,0.0192308,0.00952381,0.0123153,0.0230769,0.0649351,0.0531915,0.049505,0.0547945,0.0740741,0.05,0.031746],
  "ce": [0,0,0,0,0,0.19725,0.4734,0.44295,0.3568,0.43105,0.4325,0.4359,0.43175,0.51835,0.42345,0.4269,0.42565,0.5089]
}
