{
  "ci": [0,0,0,0,0,0.00581395,0.0020284,0.00641026,0.0208955,0.0148515,0.0140845,0.0123711,0.0176125,0.0057915,0.00757576,0.00192308,0,0.0147059],
  "ce": [0,0,0,0,0,0.18195,0.0869,0.2572,0.44595,0.3449,0.26815,0.34385,0.2768,0.3676,0.27235,0.1692,0,0.33815]
}
