{
  "ci": [0,0,0,0.0277778,0.0153846,0.011236,0.0192308,0.00749064,0.00634921,0.00742574,0.00938967,0.00686813,0.0156556,0.0212355,0.0151515,0.0139211,0.0176211,0.0185185],
  "ce": [0,0,0,0.09585,0.2879,0.17685,0.1844,0.2739,0.27345,0.35065,0.3481,0.3535,0.451,0.44175,0.36435,0.4506,0.34785,0.3491]
}
