{
  "ci": [0,0,0,0,0,0,0,0,0.00308008,0.0027027,0.00469483,0.00412371,0.0319149,0.049505,0.035545,0.012848,0.0167785,0.00956938],
  "ce": [0,0,0,0,0,0,0,0,0.2871,0.2817,0.18935,0.1763,0.58725,0.5765,0.47805,0.4576,0.2783,0.17485]
}
