{
  "ci": [0,0,0,0,0,0,0.00413223,0,0.00607903,0.00675105,0.0106383,0.00833333,0.00769724,0.00858369,0.0136986,0.0103668,0.0132159,0.031746],
  "ce": [0,0,0,0,0,0,0.0869,0,0.26365,0.2745,0.4348,0.35085,0.4407,0.4442,0.4427,0.35575,0.3437,0.3436]
}
