{
  "ci": [0,0,0,0,0,0,0,0.00125944,0,0.00247525,0,0,0,0.00176678,0.010101,0.0660377,0.033557,0.0119617],
  "ce": [0,0,0,0,0,0,0,0.08575,0,0.0848,0,0,0,0.1697,0.2624,0.62165,0.54215,0.36555]
}
