{
  "ci": [0,0,0,0,0,0,0,0.00374532,0.00597015,0.00495049,0.010142,0.0743363,0.0389831,0.039604,0.045977,0.0471698,0.0503356,0.0588235],
  "ce": [0,0,0,0,0,0,0,0.08575,0.0853,0.3449,0.4382,0.47445,0.55425,0.6022,0.63895,0.6191,0.60635,0.6548]
}
