{
  "ci": [0.04,0.027027,0.0526316,0.0277778,0.0882353,0.0646154,0.333333,0.0768262,0.0677618,0.10101,0.111562,0.0916667,0.0487492,0.0282852,0.0224179,0.0151515,0.0125,0.00956938],
  "ce": [0.29165,0.40625,0.44,0.3375,0.553,0.61055,0.6915,0.6603,0.63865,0.64555,0.6474,0.61645,0.56455,0.4607,0.5211,0.4365,0.3444,0.17145]
}
