{
  "ci": [0,0,0,0,0.0333333,0.0174419,0.0310078,0.0283912,0.0444444,0.0808081,0.0744681,0.1,0.107692,0.0793651,0.0689655,0.0199362,0.0375,0.0441176],
  "ce": [0,0,0,0,0.51515,0.4915,0.60815,0.6866,0.6426,0.68875,0.67345,0.6585,0.64285,0.59485,0.46565,0.44995,0.4291,0.43585]
}
