{
  "ci": [0,0,0,0,0,0,0,0.00749064,0.0364742,0.0297297,0.0307692,0.0336283,0.0288647,0.0294638,0.0344275,0.0321199,0.0436242,0.0634921],
  "ce": [0,0,0,0,0,0,0,0.4171,0.52015,0.4858,0.4949,0.56305,0.55565,0.46315,0.38235,0.55505,0.56355,0.55615]
}
