{
  "ci": [0,0,0,0,0.0153846,0.0786517,0.115702,0.11236,0.0913758,0.0810127,0.0757238,0.100275,0.117021,0.111111,0.126437,0.0661882,0.0588843,0.0793651],
  "ce": [0,0,0,0,0.29545,0.4864,0.49645,0.67225,0.67775,0.6729,0.6508,0.676,0.62155,0.612,0.59305,0.58835,0.56215,0.5507]
}
