{
  "ci": [0.3654,0.222222,0.1687,1,1,0.75,0.333333,0.196347,0.166667,0.156,0.169231,0.155844,0.191489,0.1533,0.179293,0.162741,0.185022,0.1808],
  "ce": [0.95835,0.75,0.52,0.8,0.73485,0.7908,0.79435,0.7871,0.7617,0.7507,0.7086,0.74255,0.72045,0.70135,0.78785,0.7228,0.68095,0.76025]
}
