{
  "ci": [0,0,0,0,0,0,0,0,0,0,0,0.00206186,0,0.0057915,0.0136986,0.0188679,0.0416667,0.031746],
  "ce": [0,0,0,0,0,0,0,0,0,0,0,0.08425,0,0.08395,0.55585,0.46405,0.51265,0.587]
}
