{
  "ci": [0.02,0,0,0,0.0333333,0.0232558,0.025641,0.022082,0.0455927,0.0405405,0.0348924,0.0649351,0.0638298,0.0891089,0.109589,0.123457,0.0833333,0.0634921],
  "ce": [0.2083,0,0,0,0.447,0.466,0.461,0.4482,0.64065,0.49735,0.56805,0.5639,0.5769,0.5704,0.4694,0.5474,0.5373,0.53355]
}
