{
  "ci": [0,0,0,0.0357143,0.00840336,0.177083,0.232558,0.260274,0.219048,0.221675,0.276316,0.340866,0.336013,0.313305,0.258348,0.128846,0.05,0.0444444],
  "ce": [0,0,0,0.24165,0.1894,0.4048,0.5053,0.7129,0.7344,0.6931,0.6973,0.68475,0.65935,0.68235,0.647,0.61845,0.53865,0.5507]
}
