{
  "ci": [0,0,0,0,0.00420168,0.0338983,0.0227273,0.022082,0.0243161,0.0162162,0.0162272,0.0336283,0.0372881,0.029703,0.0684932,0.0987654,0.05,0.047619],
  "ce": [0,0,0,0,0.09095,0.2806,0.3972,0.4123,0.49085,0.46995,0.36735,0.4683,0.6092,0.61875,0.6104,0.67095,0.5822,0.55615]
}
