{
  "ci": [0,0,0,0,0,0,0,0,0.00298507,0.00414938,0.00148478,0.0103022,0.0192431,0.0147319,0.0229885,0.0192719,0.0268456,0.0239234],
  "ce": [0,0,0,0,0,0,0,0,0.17055,0.16955,0.0879,0.2649,0.35395,0.34985,0.4334,0.4346,0.3513,0.34705]
}
