{
  "ci": [0,0.277778,0.105263,0.0833333,0.032,0.0508475,0.0371901,0.022082,0.016129,0.0216216,0.0283976,0.0176991,0.020339,0.024735,0.028436,0.0256959,0.0234899,0.037037],
  "ce": [0,0.5625,0.42,0.325,0.3106,0.35715,0.3972,0.40035,0.38025,0.36935,0.5442,0.45605,0.36015,0.44785,0.43525,0.3596,0.27485,0.47145]
}
