{
  "ci": [0,0,0,0,0,0,0.0020284,0.00251889,0.00102669,0.00414938,0.00371195,0.00833333,0.00482315,0.015873,0.0114943,0.00797448,0.00929752,0.0087146],
  "ce": [0,0,0,0,0,0,0.0869,0.0929,0.0853,0.25575,0.25565,0.34475,0.17285,0.2555,0.3383,0.3487,0.259,0.25755]
}
