{
  "ci": [0.352941,0.666667,0.75,0.472222,0.353846,0.213483,0.147436,0.354167,0.333333,0.232323,0.170213,0.12987,0.115385,0.0952381,0.0574713,0.0538462,0.046875,0.0430622],
  "ce": [0.83335,0.8125,0.64,0.70415,0.72725,0.67175,0.57975,0.70095,0.6836,0.6614,0.61905,0.5937,0.5934,0.59365,0.6104,0.58515,0.5739,0.4968]
}
