{
  "ci": [0,0,0,0.0119048,0.285714,0.09375,0.166667,0.138577,0.11746,0.181818,0.138462,0.124294,0.136656,0.147353,0.183908,0.234615,0.291667,0.235294],
  "ce": [0,0,0,0.20415,0.63635,0.66665,0.7447,0.74165,0.73045,0.732,0.7086,0.6795,0.68065,0.69035,0.6427,0.67605,0.75205,0.78835]
}
