{
  "ci": [0,0,0,0,0.0333333,0.0406977,0.025641,0.0416667,0.037037,0.0248963,0.0212766,0.00833333,0.0212766,0.0238095,0.0344828,0.0660377,0.075,0.031746],
  "ce": [0,0,0,0,0.32575,0.33165,0.42555,0.66745,0.6758,0.65275,0.54195,0.46045,0.5982,0.6787,0.55955,0.59985,0.70305,0.587]
}
