{
  "ci": [0,0,0,0,0.0153846,0.0169492,0.0113636,0.0320513,0.0215054,0.00492611,0.00219298,0.0519481,0.0096463,0.00429185,0.00252525,0.00318979,0.00440529,0.00239234],
  "ce": [0,0,0,0,0.09095,0.38945,0.36525,0.5291,0.5026,0.2644,0.08675,0.2684,0.34985,0.25855,0.3377,0.2545,0.25205,0.1687]
}
