{
  "ci": [0,0.0555556,0.0217391,0.115385,0.1,0.0508475,0.0568182,0.0384615,0.0298507,0.0222772,0.0461538,0.194805,0.159574,0.168317,0.232877,0.222222,0.25,0.222222],
  "ce": [0,0.5,0.26,0.44585,0.45455,0.4048,0.4149,0.39555,0.57615,0.48295,0.46085,0.44815,0.4462,0.44725,0.44705,0.52815,0.34925,0.4317]
}
