{
  "ci": [0,0,0,0,0,0,0,0,0.00102669,0.000843881,0.00074239,0.00206186,0.00128287,0.0023571,0.00320256,0.00232019,0.00103306,0.100218],
  "ce": [0,0,0,0,0,0,0,0,0.0853,0.0848,0.0856,0.1693,0.08405,0.1697,0.0877,0.25385,0.08405,0.18105]
}
