{
  "ci": [0,0,0,0,0.119048,0.03125,0.0465116,0.0208333,0.0185185,0.040404,0.0212766,0.0166667,0.0230769,0.00793651,0.00505051,0.00239234,0.0033557,0.00478469],
  "ce": [0,0,0,0,0.27275,0.36905,0.3688,0.45015,0.5449,0.5591,0.56805,0.5368,0.3519,0.3364,0.2531,0.2545,0.25345,0.2555]
}
