{
  "ci": [0,0,0,0,0,0.00307692,0.0020284,0,0,0,0,0,0.00782779,0.0555556,0.0351494,0.0321199,0.0309917,0.0296296],
  "ce": [0,0,0,0,0,0.08845,0.0869,0,0,0,0,0,0.2541,0.58995,0.598,0.4621,0.3803,0.34705]
}
